id,company,street,city,country
1,RedLaser,918 Courts town,Dietrichfort,Anguilla
2,Knoema,4157 Passage berg,Sheldonburgh,Luxembourg
3,DemystData,4518 Passage haven,North Witting,Cayman Islands
4,Wheaton World Wide Moving,4337 Square haven,Hartmannberg,Belize
5,CoolClimate,5883 Brooks ville,Mariahton,Pakistan
6,Civic Insight,363 Park bury,South Schmitt,Rwanda
7,Weather Decision Technologies,337 South Summit borough,Port Cartwright,Saint Martin
8,"College Abacus, an ECMC initiative",70323 Port Springs burgh,Rodriguezview,Nauru
9,Datamyne,8283 East Camp side,West Daugherty,Djibouti
10,Exversion,96036 North Island ville,Barretttown,Trinidad and Tobago
11,Charles Schwab Corp.,434 North Mill haven,New Labadie,Lithuania
12,Climate Corporation,1445 South Turnpike ville,Rohanfurt,Lithuania
13,LegiStorm,32838 East Pines town,Kaneview,United States of America
14,PlaceILive.com,830 Landing borough,Murrayhaven,Mayotte
15,SeeClickFix,886 Lake Flat furt,Sadieburgh,Trinidad and Tobago
16,First Fuel Software,272 West Stream view,Jordonshire,Ukraine
17,"LOGIXDATA, LLC",51357 Shoals bury,Lynchchester,Armenia
18,Be Informed,10094 Port Freeway fort,Yadirahaven,British Indian Ocean Territory
19,People Power,1459 Summit town,West Crist,Tokelau
20,T. Rowe Price,5310 North Land port,Schultztown,Macedonia
21,Civic Insight,43682 South Ports berg,Lake Connelly,Czech Republic
22,Revelstone,1151 Port Fords town,Conorbury,Hungary
23,The Vanguard Group,4546 Mill town,Arvelshire,Vietnam
24,PublicEngines,77491 Way berg,Eberthaven,Iran
25,Quertle,5298 Port Loop mouth,Marielaburgh,Cameroon
26,Quandl,300 Ridge stad,Port Murphy,Malawi
27,Weight Watchers,7785 Lake Brooks ton,Jenniferhaven,Togo
28,Acxiom,32387 Falls fort,Callieport,Honduras
29,Environmental Data Resources,72430 Garden borough,West Walter,Tunisia
30,Verdafero,25469 Port Fall view,North Hammes,New Zealand
31,indoo.rs,294 Lake Passage haven,Luettgenhaven,Gambia
32,Inovalon,5723 Lake Dale furt,Lake Pfeffer,Faroe Islands
33,nGAP Incorporated,23400 Landing side,Abigayleborough,Saint Martin
34,Palantir Technologies,849 Union berg,Port Turcotte,Pakistan
35,CliniCast,80410 Orchard stad,Abernathyton,Bangladesh
36,REI Systems,561 South Center fort,Lake Mante,Korea
37,Rezolve Group,40601 Viaduct land,Lake Cruickshank,Pakistan
38,Civinomics,141 Radial ville,Fisherberg,Mexico
39,Compared Care,36215 South Center mouth,Koeppfurt,Mongolia
40,Compliance and Risks,42877 North Village mouth,Madgemouth,Heard Island and McDonald Islands
41,McKinsey,49093 Meadows burgh,Mariahborough,Russian Federation
42,Walk Score,23105 Summit chester,Thelmashire,Israel
43,Think Computer Corporation,6235 South Ville berg,West Stoltenberg,Italy
44,Cloudmade,86665 West Plain chester,Gradyton,Japan
45,The Bridgespan Group,610 West View burgh,New Rohan,United Arab Emirates
46,Adobe Digital Government,6749 Orchard fort,Bonnieshire,Pitcairn Islands
47,Fidelity Investments,58002 South Plaza burgh,Kaleyland,Bahrain
48,LexisNexis,3432 Point fort,Simonehaven,Bahrain
49,Think Computer Corporation,727 Lake Camp side,Lake Rohan,Wallis and Futuna
50,PolicyMap,22547 West Locks view,Runtefurt,Isle of Man
51,"Lumesis, Inc.",95530 Canyon view,Barneytown,Moldova
52,NuCivic,5518 Port Walk view,Lake Orn,Seychelles
53,Inrix Traffic,293 East Plain mouth,Port Tillman,Uruguay
54,Practice Fusion,787 Camp stad,Celestinemouth,Bouvet Island
55,Code-N,857 West Fords bury,Huelschester,Finland
56,Castle Biosciences,280 Circles furt,Johnstonbury,Eritrea
57,Arpin Van Lines,78345 East Road shire,Blickville,Slovenia
58,iFactor Consulting,2152 East Common chester,Hardybury,Papua New Guinea
59,Merrill Lynch,5835 Inlet chester,Ignaciomouth,Cameroon
60,Russell Investments,98966 South Light furt,East Fadel,Liberia
61,"VisualDoD, LLC",5065 Drive furt,Crawfordmouth,Norfolk Island
62,Moody's,23151 West Via furt,Scotport,Fiji
63,Social Health Insights,6747 West Motorway fort,Murrayville,Paraguay
64,Xignite,21707 West Well town,Laurianeshire,Palau
65,CoolClimate,5555 South Vista town,West Pacocha,Tunisia
66,48 Factoring Inc.,5772 New Green town,Alyciamouth,Saint Helena
67,Appallicious,8280 North Underpass view,Anselville,India
68,Credit Karma,2967 Lake Ports port,East Crona,Aruba
69,Ernst & Young LLP,38644 West View side,Deefort,Mozambique
70,Outline,38077 Branch haven,Audreyberg,New Zealand
71,FlightAware,385 Lake Way bury,Caylatown,Uzbekistan
72,GuideStar,207 East Groves stad,West Wisoky,Greece
73,Plus-U,60025 West Drive mouth,Dejahchester,Bangladesh
74,PolicyMap,79549 South Greens borough,South Metz,Bolivia
75,Morgan Stanley,5425 Courts fort,Kaylinbury,Mongolia
76,SAP,2533 Inlet haven,North Stracke,Puerto Rico
77,"Junar, Inc.",5632 Lake Spring fort,Schimmelburgh,Cocos (Keeling) Islands
78,OpenCounter,647 Lake Spur ton,North Langworth,Tuvalu
79,Stormpulse,55503 Roads ville,Breitenbergmouth,Antarctica
80,ProgrammableWeb,72307 Trace port,Port Legros,China
81,Seabourne,437 Pine burgh,Benjaminbury,Seychelles
82,Enigma.io,771 East Plaza view,Lake Carroll,Turkmenistan
83,Impaq International,2992 Port Points shire,Lake Kohler,French Southern Territories
84,TrustedID,13850 Lake Ports port,North Mante,Slovakia (Slovak Republic)
85,MedWatcher,266 Lake Station ville,West Jenkins,Wallis and Futuna
86,DataLogix,6966 Rest town,Lake Gulgowski,Uzbekistan
87,Peterson's,7587 West Village town,South Howe,Cyprus
88,R R Donnelley,6747 West Roads berg,Matildeville,Netherlands
89,Ranku,67474 West Fords stad,Leannonchester,Senegal
90,Recargo,626 Lake Shoal mouth,South Purdy,Anguilla
91,Code-N,51446 Expressway chester,Spencerborough,Cuba
92,Webitects,46927 West Keys land,Jacefurt,Cocos (Keeling) Islands
93,State Farm Insurance,97392 Isle burgh,Aidenton,Finland
94,Be Informed,620 Port Park ton,Lake Bosco,Lesotho
95,Department of Better Technology,9964 Lake Way ton,North Wolf,Barbados
96,SAS,5795 Path side,Port Lesch,Cyprus
97,SigFig,388 Plain view,Port Fay,Cambodia
98,VitalChek,44651 Lodge town,Champlinland,Slovakia (Slovak Republic)
99,USAA Group,2214 Lake Court mouth,Rasheedberg,Guyana
100,Propeller Health,6623 Neck land,Lavinaton,French Southern Territories
101,Child Care Desk,38589 Dam view,West Will,Tuvalu
102,Sterling Infosystems,74419 West Points fort,Kesslerberg,Slovenia
103,Buildingeye,4558 Port Mall side,Lake Stamm,Heard Island and McDonald Islands
104,Collective IP,30474 New Alley side,Ebertburgh,Indonesia
105,WebFilings,348 Extensions fort,Matildefort,Czech Republic
106,Scale Unlimited,54108 Via ville,Leannonport,Hungary
107,Bekins,5395 New Center ville,North Bernhard,Timor-Leste
108,TrialX,2748 Union mouth,Kaceymouth,Macedonia
109,CityScan,965 Estate view,West Hoeger,Kenya
110,Persint,5996 East Flat haven,South Mills,Russian Federation
111,Thinknum,665 Ports land,Tellyfurt,Lesotho
112,Eat Shop Sleep,7124 Plaza view,West Koss,Norfolk Island
113,Castle Biosciences,903 West Forge view,Beerstad,Saudi Arabia
114,PowerAdvocate,107 Center furt,West Eichmann,Wallis and Futuna
115,Mercaris,4567 Rapids furt,North Mitchell,Czech Republic
116,CB Insights,64316 North Shoal ton,Addisonside,Nigeria
117,Healthgrades,35644 Port Passage furt,Sofiahaven,Tuvalu
118,Exversion,315 Hill chester,Sporerport,Israel
119,Telenav,44445 West Orchard stad,Jenaberg,Saint Lucia
120,Robinson + Yu,1913 East Junctions bury,Wunschmouth,Guam
121,Teradata,4275 Port Lakes side,North Larkin,France
122,SmartAsset,1163 Port Plaza land,West Klein,Mexico
123,Ernst & Young LLP,235 Trace port,West Kohler,Syrian Arab Republic
124,The Bridgespan Group,3125 North Keys bury,New Lebsack,Peru
125,InfoCommerce Group,92812 Plaza view,East Gorczany,Pakistan
126,Personal Democracy Media,5203 New Spurs view,North Lockman,United Arab Emirates
127,Lending Club,558 Lake Gateway berg,Reingerside,Japan
128,J.P. Morgan Chase,49751 South Squares stad,Lake Simonis,Holy See (Vatican City State)
129,Innography,18260 Plaza ton,Turnerton,Nepal
130,Outline,761 Groves mouth,Pamelaberg,Jersey
131,Cappex,600 Unions burgh,New Emmerich,Egypt
132,Civinomics,84076 West Expressway ville,Thoraview,Christmas Island
133,TuvaLabs,29668 North Well port,New Lockman,Christmas Island
134,Xatori,882 North Spurs burgh,Weissnatside,Pakistan
135,Equilar,24476 Flat furt,Hesselburgh,Vietnam
136,People Power,1752 Port Track stad,Jeaniemouth,Germany
137,Innography,82545 Port Bypass haven,Port Waters,Kenya
138,iTriage,398 South Extensions borough,Fordburgh,Belarus
139,Galorath Incorporated,64017 Crossroad land,Hollisstad,Antarctica
140,Spokeo,67032 North Key borough,Lefflerchester,Costa Rica
141,Inovalon,12176 North Grove furt,Lake McClure,Guadeloupe
142,"StreetCred Software, Inc",37457 Crescent chester,Lake Russel,Panama
143,OptumInsight,27060 Cliffs haven,Alexandreton,Mexico
144,MetLife,971 Manor shire,Maynardhaven,Philippines
145,Kroll Bond Ratings Agency,2747 Pike chester,North Ward,Taiwan
146,Informatica,6834 Knoll land,Reymundobury,Uganda
147,Wolfram Research,8701 Meadow borough,Port Graham,Bangladesh
148,Booz Allen Hamilton,509 Via shire,Lake Corkery,Barbados
149,PlanetEcosystems,48466 Shores fort,Corkeryfort,Faroe Islands
150,Equal Pay for Women,88456 East Lights land,Harbershire,Morocco
151,BuildZoom,1642 River chester,Jeffreymouth,Tuvalu
152,Municode,9304 Wells mouth,West Schimmel,Iran
153,PricewaterhouseCoopers (PWC),439 Parks mouth,Zboncakfurt,Iceland
154,Ayasdi,525 South Crossing ton,North Boehm,Svalbard & Jan Mayen Islands
155,SmartAsset,819 East Spring fort,Raulview,United States of America
156,LoopNet,40525 North Brook port,South Hilll,New Caledonia
157,NextBus,6099 Trail mouth,South Pollich,Jersey
158,BillGuard,4799 North Knoll side,Duncanland,Cambodia
159,Investormill,2058 South Turnpike port,Raventown,El Salvador
160,Chemical Abstracts Service,867 Point borough,Mullerland,Cayman Islands
161,TrustedID,2148 Path furt,Gladysview,Equatorial Guinea
162,Overture Technologies,18846 Court stad,Schulistburgh,Bulgaria
163,Gallup,68957 Circle view,Gerardbury,Burundi
164,Compliance and Risks,98701 South Run mouth,West Ankunding,Cocos (Keeling) Islands
165,Berkery Noyes MandASoft,11593 West Meadows land,Lilianefurt,Mauritania
166,Cloudspyre,78481 Burg ton,Lake Schumm,British Virgin Islands
167,StreetEasy,3267 Springs burgh,Adellside,Somalia
168,Think Computer Corporation,82495 Lake Throughway furt,Traceborough,Costa Rica
169,Atlas Van Lines,850 North Vista side,Fritschland,Guatemala
170,Impact Forecasting (Aon),6680 Run ton,New Tromp,Italy
171,BizVizz,9623 Inlet borough,Douglasburgh,Pakistan
172,LOVELAND Technologies,532 East Path shire,Kristinport,Philippines
173,AreaVibes Inc.,2822 North Park view,New Corkery,Cameroon
174,OptumInsight,19493 Valley ville,Shieldsberg,Belize
175,xDayta,7640 North Hills haven,Rodhaven,Tonga
176,Alarm.com,7752 Plaza furt,Arnaldotown,Syrian Arab Republic
177,American Red Ball Movers,121 New Island burgh,Lake Harber,Hong Kong
178,Avvo,68318 New Overpass berg,Gagefort,Albania
179,Moody's,27451 Point chester,Haneshire,Congo
180,Russell Investments,23464 South Island borough,East McKenzie,Sao Tome and Principe
181,"Aunt Bertha, Inc.",89417 Drive ville,Lefflerbury,South Africa
182,Paxata,63979 Haven haven,Gulgowskifort,Albania
183,BillGuard,991 Divide haven,East Rau,Palestinian Territory
184,FlightStats,819 Squares ville,Dickichester,India
185,Porch,388 New Flats fort,Wymanview,Comoros
186,LoopNet,285 Spurs furt,East Armstrong,Madagascar
187,LoseIt.com,9256 Port Ville berg,Bruenview,Anguilla
188,Enervee Corporation,3981 Mills berg,Nathanielshire,Samoa
189,realtor.com,3026 Lake Fall haven,Wayneton,Palau
190,IFI CLAIMS Patent Services,494 Roads mouth,Lake Padberg,Madagascar
191,OnStar,45278 Street chester,Breanneland,Jordan
192,Morgan Stanley,174 West Burg burgh,Horacestad,Saudi Arabia
193,Social Explorer,73167 Hill mouth,Walshbury,Kenya
194,SeeClickFix,173 Glens fort,Port Hessel,Togo
195,Arrive Labs,8422 Rue mouth,Port Hettinger,Kyrgyz Republic
196,Whitby Group,15603 Lake Harbor fort,North Stanton,Togo
197,OptumInsight,97853 South Cove fort,Kochborough,Luxembourg
198,MuckRock.com,39021 New Extension view,Hilpertside,Malawi
199,Peterson's,9836 South Trail furt,Cadeview,Mayotte
200,GitHub,358 Points chester,Amparobury,Sweden
201,Geoscape,63105 Fork berg,South Zulauf,Bhutan
202,Rezolve Group,81819 North Knolls chester,Peteside,Faroe Islands
203,"PayScale, Inc.",7041 West Cliffs furt,Oberbrunnerburgh,Tunisia
204,mHealthCoach,5032 North Highway berg,New Glover,Cuba
205,Walk Score,5187 Port Meadow ville,Royalhaven,Lebanon
206,Boundless,93114 West Neck chester,Ezekielburgh,Peru
207,Informatica,31894 South Gateway mouth,Boyerport,India
208,Patently-O,24399 South Cove burgh,East Crist,Chad
209,Be Informed,999 Port Crossroad ton,Huelsburgh,Armenia
210,Brightscope,4526 North Corners furt,Jacemouth,Bangladesh
211,Noveda Technologies,2439 Cove shire,Bellachester,Grenada
212,LegiStorm,933 Port Points mouth,Satterfieldbury,Saint Kitts and Nevis
213,Moody's,42335 Port Grove haven,Stephaniehaven,Oman
214,Mint,655 New Manor furt,Kirkbury,Thailand
215,The Govtech Fund,2379 Prairie furt,Lake Schamberger,Switzerland
216,Mercaris,951 Port Fork haven,Rahsaantown,Bangladesh
217,Azavea,7110 East Manor side,Cheyanneport,Slovakia (Slovak Republic)
218,Weight Watchers,7095 Lake Manor furt,Schmelerburgh,Yemen
219,Amida Technology Solutions,2029 Islands fort,South Heidenreich,Estonia
220,Junyo,57096 Falls port,New Zieme,Peru
221,Fitch,345 Islands land,Flavioburgh,French Southern Territories
222,Solar Census,822 Village haven,Hodkiewiczbury,Portugal
223,Peterson's,8848 New Forks haven,Dianaberg,Thailand
224,Next Step Living,46156 Plaza town,Demarioview,Netherlands
225,PowerAdvocate,399 East Row land,Nolanmouth,Tajikistan
226,TrialTrove,386 South Mews mouth,Saigeton,Macedonia
227,IMS Health,6578 South Dale mouth,Luettgenborough,India
228,"KidAdmit, Inc.",316 South Glens mouth,East Crist,Norfolk Island
229,Berkshire Hathaway,796 South Keys side,Robbmouth,Jamaica
230,SmartAsset,4008 Trace shire,Lake Schowalter,Netherlands
231,Sage Bionetworks,6068 Port Terrace fort,North Stroman,Saudi Arabia
232,NerdWallet,854 Port Squares land,Darrellfort,Brunei Darussalam
233,Citigroup,96392 Trafficway town,North Runte,Turkey
234,Datamyne,95471 Dam burgh,Port Macejkovic,Suriname
235,AccuWeather,1764 West Club burgh,North Armstrong,Belize
236,Open Data Nation,3066 New Parkways berg,Conroyhaven,United States of America
237,Center for Responsive Politics,26081 Ports side,Gilbertbury,Gambia
238,SAS,72216 Ports furt,Kyraburgh,Maldives
239,MicroBilt Corporation,9812 East Common burgh,Kyleville,Croatia
240,T. Rowe Price,350 Port Roads shire,Hilberttown,Ecuador
241,BetterLesson,8310 North Forks port,West Turcotte,Trinidad and Tobago
242,AllState Insurance Group,871 Row haven,Mayertbury,Dominican Republic
243,HealthMap,5374 New Bridge stad,South Thompson,Puerto Rico
244,Civic Insight,25061 Haven bury,Danniehaven,Togo
245,"Graematter, Inc.",12615 Port Loop shire,Lake Reichert,Haiti
246,Code-N,77265 Club port,Darwinmouth,Nepal
247,Harris Corporation,6475 North Junctions ville,Jewesstown,Marshall Islands
248,"Graematter, Inc.",466 South Light fort,North Gleason,Colombia
249,Deloitte,1407 South Coves shire,Zaneton,United States Minor Outlying Islands
250,Civic Impulse LLC,314 Cove side,Stefanieside,Ukraine
251,Impact Forecasting (Aon),926 South Estate shire,North Spinka,Ethiopia
252,LoseIt.com,9427 Landing land,Jackelinemouth,Anguilla
253,CARFAX,94851 North Tunnel stad,Caesarshire,Chad
254,"VisualDoD, LLC",7830 Ways burgh,Port Lubowitz,Nepal
255,"LOGIXDATA, LLC",84193 Meadows side,New Mills,Spain
256,Biovia,2238 Fall burgh,New Huels,Ecuador
257,LOVELAND Technologies,582 East Bypass chester,New Dicki,Hungary
258,CGI,28093 South Throughway side,Andersonhaven,Bosnia and Herzegovina
259,SpeSo Health,4418 North Underpass side,New Hegmann,Monaco
260,Esri,3136 Port Skyway borough,Schroederborough,South Georgia and the South Sandwich Islands
261,Jurispect,725 Ramp berg,Denesikberg,Cocos (Keeling) Islands
262,Weather Channel,1276 South Roads land,Aidanmouth,Suriname
263,Citigroup,16820 Port Knoll fort,East Friesen,Antigua and Barbuda
264,iMedicare,2021 Port Overpass furt,New Emmerich,Tunisia
265,Socrata,7929 Road view,West Smitham,Lao Peoples Democratic Republic
266,Lucid,8144 Common mouth,Wymanbury,Vanuatu
267,MedWatcher,2474 Stravenue burgh,New Green,Zambia
268,US Green Data,9417 West Junction berg,Flaviemouth,Libyan Arab Jamahiriya
269,Code for America,464 New Trail burgh,Audreystad,Grenada
270,Equilar,67495 Springs borough,Justinachester,Guinea
271,Vital Axiom | Niinja,17579 Port Junctions ville,Quitzonmouth,Tonga
272,FlightStats,643 North Islands berg,Goyetteton,Equatorial Guinea
273,iMedicare,2611 North Field furt,West Hirthe,Latvia
274,SeeClickFix,33066 North Dam ton,Rosenbaumland,Kyrgyz Republic
275,Galorath Incorporated,91094 South Fords chester,Corbinmouth,New Zealand
276,Avvo,958 Branch town,Kunzeport,Moldova
277,NextBus,634 Ridges stad,Lake Ratke,Uruguay
278,Thinknum,505 West Mills borough,Domenicburgh,Canada
279,BuildZoom,432 Route mouth,Lavonburgh,Congo
280,KPMG,786 Well borough,Lindview,Estonia
281,TransUnion,714 Springs shire,Lehnerside,Cote Divoire
282,Yahoo,54191 New Mews mouth,East Conn,South Georgia and the South Sandwich Islands
283,OpenCounter,6775 New Glen view,Abbottbury,Puerto Rico
284,Tableau Software,11273 Center furt,New Ziemann,Isle of Man
285,GoodGuide,1226 West Isle mouth,Lancestad,United States Virgin Islands
286,Liquid Robotics,7842 Avenue ville,Dibbertstad,Norway
287,HealthMap,6603 East Track berg,Lake Bins,Turks and Caicos Islands
288,Government Transaction Services,3747 Centers furt,Lake McDermott,Myanmar
289,(Leg)Cyte,2808 West Walks mouth,East Cassin,Saint Kitts and Nevis
290,Evidera,8802 Summit bury,Ebertview,Zimbabwe
291,SpeSo Health,383 North Cliffs mouth,Blandashire,South Georgia and the South Sandwich Islands
292,GreatSchools,13748 Trace town,Cathrynfort,British Virgin Islands
293,Earthquake Alert!,793 Mission mouth,Ziemannstad,Kazakhstan
294,Merrill Lynch,372 Lake Parkway town,West Hansen,Libyan Arab Jamahiriya
295,TransparaGov,85734 Summit ton,East Dach,Belize
296,Google Public Data Explorer,196 Underpass mouth,Beahanview,Bahamas
297,Seabourne,762 North Wall haven,New Smitham,Argentina
298,CAN Capital,52403 South Trafficway side,Rodriguezville,Sweden
299,Keychain Logistics Corp.,396 Squares ville,Powlowskiville,San Marino
300,BizVizz,455 Summit view,Misaelview,Ethiopia
301,CrowdANALYTIX,80114 New Circle side,North Schuster,Belgium
302,MetLife,28687 West Drives burgh,Willside,Nepal
303,Construction Monitor LLC,6156 Wall fort,North Nader,Turkey
304,xDayta,45380 East Island chester,South Spinka,Antarctica
305,Aquicore,329 Port Dam town,Lockmanhaven,Iran
306,SpotHero.com,18565 Port Mount mouth,East Damore,Iran
307,Open Data Nation,4477 Garden berg,North Mante,French Guiana
308,CrowdANALYTIX,306 Port Walk town,Johnview,Congo
309,CAN Capital,31765 Mill bury,Brisahaven,Panama
310,InfoCommerce Group,787 Vista stad,North White,Norfolk Island
311,CliniCast,1298 Port Flats mouth,Reingerside,Cambodia
312,PricewaterhouseCoopers (PWC),116 New View port,West Durgan,Tunisia
313,Department of Better Technology,3363 New Cape borough,Dickinsonburgh,Yemen
314,Relationship Science,82054 New Lights stad,Ratkeland,Myanmar
315,Department of Better Technology,9740 Port Port borough,Aylinfurt,Haiti
316,Cloudmade,12101 Neck ville,Robertsstad,Gambia
317,AutoGrid Systems,4101 New Trafficway mouth,East Rodriguez,Saint Pierre and Miquelon
318,NuCivic,545 North Port mouth,East Tillman,Zimbabwe
319,Rank and Filed,757 Port Alley furt,North Greenholt,Wallis and Futuna
320,Propeller Health,326 Port Station furt,Lakinchester,Norway
321,Nautilytics,4849 Port Isle bury,Vonmouth,Latvia
322,BillGuard,89766 Field view,West Towne,Libyan Arab Jamahiriya
323,Jurispect,89804 New Overpass berg,Lake Hermiston,Rwanda
324,Dow Jones & Co.,138 Port Ports stad,Lake Ryan,Belgium
325,Sterling Infosystems,262 Rapids berg,Swiftport,China
326,Ez-XBRL,1899 Lakes furt,Mittiechester,Montserrat
327,Experian,8614 Viaduct fort,Jacintoton,Singapore
328,Geofeedia,86861 Inlet chester,Lake Labadie,Montenegro
329,Fitch,5329 Falls stad,South Feeney,Central African Republic
330,Ayasdi,127 Plaza burgh,Bruenburgh,Macao
331,Alarm.com,29800 North Mill furt,Lake Volkman,Singapore
332,DataLogix,5627 New Haven stad,East Nicolas,Palau
333,StreetEasy,520 New Extension haven,Jaskolskiview,Kuwait
334,Citigroup,282 Lake Route mouth,Cartwrightburgh,Mauritius
335,SpaceCurve,10132 West Mountain burgh,Cassinstad,Algeria
336,Citigroup,9274 Highway shire,Kodymouth,Ukraine
337,S&P Capital IQ,32035 Meadows ton,Joesphberg,Peru
338,Mozio,3466 West Hill borough,Jamilberg,Tunisia
339,Civinomics,5408 West Junctions burgh,Vaughnfurt,Belize
340,Genability,2798 Port Passage ville,Parisianmouth,Italy
341,Teradata,117 Via burgh,Allyshire,Norfolk Island
342,PatientsLikeMe,39209 Ports land,Isobelville,Cape Verde
343,R R Donnelley,8292 Lake Flats shire,Eleonoreshire,Cocos (Keeling) Islands
344,Palantir Technologies,60954 Unions town,Elwinhaven,Botswana
345,Citigroup,619 Shore land,Kemmerfort,Tanzania
346,Tendril,676 Freeway stad,Baileytown,Bosnia and Herzegovina
347,Citigroup,19676 Port Keys berg,Dudleyport,Micronesia
348,Propeller Health,7845 South Lane fort,Michelland,Haiti
349,Suddath,9085 Unions bury,North Crooks,Gambia
350,VitalChek,5061 North Brooks chester,Denesikton,Jamaica
351,Navico,46346 Plain ton,Homenickville,Switzerland
352,Accela,3991 Forest borough,Murielview,Moldova
353,Glassy Media,25907 West Mews burgh,North Ebert,Sri Lanka
354,Caspio,123 Port Passage burgh,McLaughlinfort,Kazakhstan
355,iRecycle,87469 Plains port,Schuppefort,Western Sahara
356,"PayScale, Inc.",658 East Spring ton,West Haley,Italy
357,Mozio,4546 West Ramp chester,Janymouth,Belize
358,SpotCrime,73375 Lake Creek shire,Rosellaborough,Northern Mariana Islands
359,Geofeedia,144 Tunnel shire,North Feil,Netherlands Antilles
360,InfoCommerce Group,60069 Cape haven,Lake Fadel,United Kingdom
361,LoopNet,5560 Port Lakes chester,Felicitastad,Botswana
362,Socrata,57526 East Locks mouth,Mullerland,Tanzania
363,Revelstone,333 Ford stad,Port Bode,Russian Federation
364,Accenture,41841 East Plains ville,Rutherfordbury,Cape Verde
365,Caspio,59347 North Squares haven,Jacyntheside,Sweden
366,STILLWATER SUPERCOMPUTING INC,130 Crescent stad,Lizaberg,Nigeria
367,GoodGuide,2639 Islands berg,Pacochashire,Oman
368,DemystData,72233 New Station land,Reingerside,Thailand
369,Cloudmade,83505 Greens mouth,Reganfurt,Australia
370,National Van Lines,39038 Port Plaza land,Savannahtown,Bulgaria
371,iMedicare,3945 Lake Vista borough,Tremblayville,Timor-Leste
372,WebFilings,48140 Mountain port,Brandichester,Romania
373,Connotate,7543 Turnpike borough,East Reynolds,Bahrain
374,Climate Corporation,4418 Wells chester,Betteburgh,United Kingdom
375,Farmers,5146 Points view,Keeleyberg,Togo
376,Xatori,8465 Crossroad land,Lindgrenstad,Libyan Arab Jamahiriya
377,OpenGov,666 Port Meadows furt,Emerychester,Jamaica
378,Oversight Systems,836 Stravenue ton,New Barrows,Madagascar
379,MuckRock.com,63035 New Lodge stad,Faheyberg,Angola
380,Apextech LLC,65354 Lake stad,Arjunport,Zambia
381,Amida Technology Solutions,30604 Overpass haven,Cornelltown,South Georgia and the South Sandwich Islands
382,AccuWeather,816 Loop haven,Mayertville,Mauritius
383,Unigo LLC,951 Cliff bury,Curtistown,Belarus
384,Science Exchange,5707 Port Pines ton,Johnsville,Kenya
385,Yahoo,9054 Manors ville,Wyattside,Andorra
386,Nielsen,129 Greens land,South Gerlach,Uzbekistan
387,Impact Forecasting (Aon),3932 Cliffs mouth,Port Hansen,United Arab Emirates
388,Import.io,6335 Highway ton,Arnaldomouth,Palau
389,Locavore,89137 East Junctions side,Brentmouth,Cote Divoire
390,Sterling Infosystems,51880 Locks port,West Crona,Comoros
391,Ceiba Solutions,4904 Walks ville,Moenfort,Saudi Arabia
392,IPHIX,430 Crossroad mouth,Port Walsh,Burkina Faso
393,Aquicore,4135 Forks chester,Purdyfort,Kyrgyz Republic
394,PowerAdvocate,944 Estates bury,West Fay,Saudi Arabia
395,TransparaGov,460 Fort town,North Kreiger,French Polynesia
396,Mozio,901 Streets shire,Fayeberg,Botswana
397,Lenddo,5064 Prairie side,Eunicefurt,Nepal
398,Roadify Transit,5038 New Brooks view,North Haley,Anguilla
399,Merrill Lynch,72534 Common land,Feeneymouth,Iceland
400,Business Monitor International,93642 Drives borough,East Thompson,Guinea
401,Civinomics,6127 Shoals mouth,Torphyborough,Cayman Islands
402,Onvia,8378 Drives borough,Lake Russel,Korea
403,Boundless,52534 Avenue mouth,Port Treutel,Mauritania
404,Open Data Nation,5932 West Springs burgh,Schultzchester,Korea
405,StockSmart,995 Port Stravenue port,Marianeton,Iraq
406,HERE,13399 Lake Landing land,Oraport,Saint Helena
407,Uber,498 South Well mouth,Maybellchester,Slovenia
408,The Govtech Fund,71476 Crossroad side,Marielaberg,Costa Rica
409,ClearStory Data,114 South Skyway side,Thomasville,Slovenia
410,TuvaLabs,680 Ferry land,Lake Jakubowski,Mauritania
411,Plus-U,2024 Glens land,Port DuBuque,Mauritius
412,SlashDB,785 Lake Route mouth,Margarettaville,San Marino
413,IW Financial,25055 Highway furt,Wunschbury,Yemen
414,GuideStar,539 Camp bury,Kyleburgh,Ireland
415,LoopNet,85384 Lake Mall borough,Volkmanmouth,Rwanda
416,Microsoft Windows Azure Marketplace,741 Port Rue fort,Wintheiserfort,Nigeria
417,CAN Capital,571 Plaza chester,East Russel,Mozambique
418,"PayScale, Inc.",67825 Shores side,North Buckridge,Bosnia and Herzegovina
419,Gallup,29221 Inlet shire,Ernserton,Bahamas
420,Stamen Design,26167 Port Track mouth,Denesikmouth,Timor-Leste
421,OpenGov,7259 Port Tunnel burgh,Brekkechester,Uzbekistan
422,Persint,672 Fords shire,DuBuqueview,Kazakhstan
423,"College Abacus, an ECMC initiative",65384 South Meadows chester,Schusterton,Venezuela
424,Golden Helix,82426 Summit haven,Savanahport,Bermuda
425,TopCoder,9770 West Manor port,Aliciamouth,Zimbabwe
426,The DocGraph Journal,88585 Valleys stad,Robelstad,New Caledonia
427,Zillow,309 Trafficway view,Lake Hammes,Moldova
428,National Van Lines,7732 Lake Run berg,Bergefurt,Guadeloupe
429,Weight Watchers,3791 North Locks port,South Grimes,Venezuela
430,Seabourne,57002 Stravenue mouth,Nellieshire,Armenia
431,Copyright Clearance Center,85806 South Brook ville,West Herman,Saint Vincent and the Grenadines
432,SAP,91050 Field haven,Wardmouth,Gabon
433,"StreetCred Software, Inc",3520 Mission ville,Mittiehaven,Seychelles
434,FutureAdvisor,829 Lake berg,South Nolan,American Samoa
435,Lending Club,481 Summit furt,Christiansenview,Saint Kitts and Nevis
436,PowerAdvocate,7158 Turnpike side,North Hand,Greece
437,Bing,835 Islands borough,Faheyview,Chad
438,NerdWallet,804 Ridge berg,West Dare,Andorra
439,"Aunt Bertha, Inc.",6319 Plaza shire,New Christiansen,Cote Divoire
440,NuCivic,5268 New Lake view,Glennieburgh,Kuwait
441,GenoSpace,3527 Branch borough,South Brown,Reunion
442,realtor.com,3359 Ranch mouth,New Huel,Solomon Islands
443,Berkery Noyes MandASoft,92538 Port Ford port,East Hansen,Dominican Republic
444,SpotHero.com,50810 Lake Mount haven,Steuberport,Cape Verde
445,POPVOX,95452 Trail mouth,West Kuhlman,Guatemala
446,Lilly Open Innovation Drug Discovery,8041 Freeway fort,Bruenburgh,Antigua and Barbuda
447,New Media Parents,70247 North Greens fort,Jeromyburgh,Iraq
448,The Bridgespan Group,351 South Highway burgh,Schinnershire,Hungary
449,Archimedes Inc.,661 West Stravenue side,Swiftchester,Dominica
450,AllState Insurance Group,5721 Lake Turnpike borough,Westonberg,Namibia
451,Merrill Lynch,860 Ville ville,Kubchester,Qatar
452,BizVizz,3112 East Estates land,Lavadachester,Congo
453,5PSolutions,501 Mountains ton,Jakubowskiland,Bulgaria
454,Uber,634 Lake side,East Dare,Japan
455,"StreetCred Software, Inc",3734 Ridge mouth,Hahnview,Austria
456,SnapSense,18802 New Route shire,Harveystad,Sri Lanka
457,GetRaised,751 Port side,Batzfort,Guernsey
458,"PayScale, Inc.",57630 Burg shire,Stanmouth,Gabon
459,Avvo,967 North Walk town,Lenoraton,British Virgin Islands
460,"Govzilla, Inc.",8896 South Stream furt,Bayerton,Chad
461,"Loqate, Inc.",906 Fork view,Janafort,Iraq
462,Personal Democracy Media,323 Glens mouth,Collierville,Antigua and Barbuda
463,College Board,148 Port Mountains bury,Marionchester,Colombia
464,Panjiva,746 North Hill mouth,Okunevafort,Iceland
465,CrowdANALYTIX,340 Port mouth,Lake Rogahn,Mauritania
466,Google Public Data Explorer,60769 West Point mouth,Manteland,Georgia
467,WebFilings,15040 Turnpike port,New Towne,Svalbard & Jan Mayen Islands
468,Personal Democracy Media,84416 Crossroad fort,Bahringerville,Jersey
469,Business Monitor International,316 Rapids shire,Sanfordstad,Hong Kong
470,Rand McNally,3423 New Cove stad,Larissahaven,Romania
471,Standard and Poor's,18354 Viaduct view,Zemlakfurt,Reunion
472,STILLWATER SUPERCOMPUTING INC,7198 East Trace ville,West Kiehn,Botswana
473,Scale Unlimited,268 Port Square burgh,Markland,Suriname
474,Marlin Alter and Associates,71693 Unions ville,South King,Niue
475,Verdafero,46670 South Path shire,Port Dickinson,El Salvador
476,Progressive Insurance Group,36490 Port Falls side,Bertaville,Aruba
477,HelloWallet,313 Lake Crossing view,Lake Wisozk,Togo
478,GoodGuide,303 Creek shire,South Bednar,Botswana
479,Asset4,250 West Road land,Jaylonchester,Cameroon
480,LoseIt.com,54126 South Freeway port,Alekfurt,Anguilla
481,ClearHealthCosts,95785 South Estates port,Denesikbury,Morocco
482,"Calcbench, Inc.",3100 Port Islands furt,Ephraimborough,Israel
483,StockSmart,92016 Square burgh,East Ferry,Montenegro
484,Roadify Transit,33974 Radial land,Port Rippin,Venezuela
485,TransUnion,5095 East Knoll land,Swiftport,Georgia
486,CrowdANALYTIX,100 Port Estate chester,Opalland,Congo
487,Archimedes Inc.,91312 Lake Plain shire,Doyleberg,Montenegro
488,Xignite,13593 New Grove port,New Weimann,Macedonia
489,STILLWATER SUPERCOMPUTING INC,8608 Village port,Kochside,Guinea
490,Copyright Clearance Center,4229 North Corners town,West Auer,Egypt
491,ProPublica,655 Plains side,Port Bartoletti,Mauritius
492,Buildingeye,78870 Ways ville,Jaylonborough,United Kingdom
493,Numedii,138 Heights furt,Athenabury,Albania
494,NextBus,66001 Lake Trace borough,West Doyle,Senegal
495,Zillow,3388 South Junction haven,Gaetanobury,Anguilla
496,"LegiNation, Inc.",457 Loaf stad,East Prohaska,Latvia
497,WaterSmart Software,826 Point borough,Jaymefurt,Turkmenistan
498,OnStar,110 Cove land,Heathcotemouth,Chile
499,TransparaGov,26462 New Underpass ton,North Sanford,Bulgaria
500,Zonability,18406 Stravenue ton,Dickiport,Djibouti
501,Oversight Systems,3686 South Rest mouth,East Rodriguez,Tajikistan
502,BuildZoom,635 New Causeway land,Leannonport,Chad
503,Kaiser Permanante,3302 Port Glen ville,New Bahringer,Canada
504,Deloitte,853 Corner view,Lake Adams,Costa Rica
505,MarketSense,62249 Avenue furt,Turcotteborough,Czech Republic
506,Palantir Technologies,796 New Courts land,Pietrofurt,Belgium
507,Think Computer Corporation,919 Port Spurs view,Barrowsborough,Wallis and Futuna
508,HealthMap,78133 Garden haven,Maynardchester,Montenegro
509,United Mayflower,9767 Estates town,South Morar,Nigeria
510,STILLWATER SUPERCOMPUTING INC,869 Brooks port,Leviville,Peru
511,EMC,41547 West Dam view,Electaville,Anguilla
512,Patently-O,2677 East Vista burgh,Danykaland,Pakistan
513,Intermap Technologies,163 South Pass chester,Sauerfort,Guyana
514,Azavea,61231 Green berg,Lake West,Saudi Arabia
515,Fastcase,9014 North Crossroad borough,Westfurt,Grenada
516,Geofeedia,82985 Cape bury,Paucekland,Chad
517,GenoSpace,43415 Walk shire,West Hartmann,French Polynesia
518,Exversion,6939 West Crossing shire,Port Kihn,Bangladesh
519,Forrester Research,21056 New Fords burgh,Kuphalchester,Sudan
520,H3 Biomedicine,9120 Cape land,Nicofurt,Vanuatu
521,Yelp,869 Port Isle mouth,Zboncakland,Bangladesh
522,Kimono Labs,5700 Walks berg,South Weissnat,Congo
523,BuildZoom,405 South Greens haven,Port McLaughlin,Uganda
524,"Junar, Inc.",84103 Valley furt,New Sanford,Moldova
525,Environmental Data Resources,5103 South Mountains fort,Ryleyborough,Montserrat
526,Equifax,45975 New Ferry fort,West Hettinger,Liberia
527,Rapid Cycle Solutions,31048 Port Island bury,Port Daugherty,Mexico
528,Porch,921 Cove stad,Lefflermouth,Syrian Arab Republic
529,Locavore,75347 South Trace burgh,Rolfsonview,Slovenia
530,Roadify Transit,77234 Fields bury,West Schaefer,Belize
531,Wolters Kluwer,5129 North Locks ton,Mabeltown,Togo
532,Microsoft Windows Azure Marketplace,4153 South Crest side,Austenmouth,Georgia
533,Careset.com,464 Place view,North Volkman,Fiji
534,iMedicare,7720 Stream side,Oralshire,Honduras
535,Apextech LLC,84247 West Ferry burgh,Lake Hayes,Sudan
536,BlackRock,96468 East Village berg,New Koch,Macao
537,Robinson + Yu,408 Loop ville,North Walter,Turkey
538,realtor.com,610 South Crest fort,Ahmedshire,Mauritania
539,RAND Corporation,97760 West Junction side,Lowestad,Marshall Islands
540,Reed Elsevier,359 Ferry bury,Orvilleport,Reunion
541,IVES Group Inc,453 South Ridges furt,East Ankunding,Antarctica
542,FindTheBest.com,5571 Forks berg,Lake Maggio,Cyprus
543,Predilytics,29552 South Knoll shire,Janickburgh,Uzbekistan
544,Suddath,147 Shoal land,New Romaguera,Iceland
545,SnapSense,759 Radial view,New Prohaska,Trinidad and Tobago
546,Propeller Health,721 South Shoal berg,Rozellaberg,Sri Lanka
547,KPMG,268 Lights town,West Weissnat,Egypt
548,Arrive Labs,5816 Key burgh,West Bode,Gabon
549,Booz Allen Hamilton,71342 East Track mouth,Todmouth,Togo
550,CityScan,1413 Glen mouth,Port Mraz,Turkmenistan
551,5PSolutions,72803 Well port,Spencerchester,Gambia
552,Foursquare,5528 Road side,South Champlin,Belize
553,Remi,6240 Drive furt,Wilkinsonview,Guernsey
554,USSearch,536 East Club port,Priceberg,Marshall Islands
555,Department of Better Technology,21900 Mountain town,Lake Jakubowski,Moldova
556,Berkshire Hathaway,760 Port Junctions view,East Roberts,Svalbard & Jan Mayen Islands
557,karmadata,7372 East Route port,Jakubowskibury,Nepal
558,Lawdragon,530 Crossroad chester,Olsontown,Mali
559,LOVELAND Technologies,588 East Spurs mouth,Gerdafurt,Aruba
560,Trulia,227 East Burg bury,Beattyfort,Benin
561,Factual,75257 West Station mouth,South Metz,Jordan
562,Urban Airship,55142 New View shire,Marquardtshire,San Marino
563,Quandl,2752 Ridges view,Lake Wyman,United States of America
564,Rand McNally,7006 East Way town,Connellyshire,Croatia
565,Arpin Van Lines,1347 New Lakes mouth,Urielfort,Finland
566,Practice Fusion,65818 East Pike borough,Camronshire,Zimbabwe
567,PlaceILive.com,1388 Valley shire,Heidenreichborough,Peru
568,Iodine,384 Pass haven,Laurynland,Congo
569,Estately,252 West Club chester,Edythechester,Cyprus
570,Galorath Incorporated,86408 Passage shire,Daughertybury,Puerto Rico
571,Glassy Media,94760 East View ville,Hodkiewiczmouth,Belarus
572,The Govtech Fund,8842 Roads town,Lupeberg,Peru
573,Inrix Traffic,67047 Dam mouth,Deckowfurt,Samoa
574,indoo.rs,1164 Tunnel chester,Sauerfurt,Montserrat
575,Locavore,3413 East Roads borough,Minaside,Northern Mariana Islands
576,Way Better Patents,31850 Estates land,Hilpertbury,Jordan
577,Solar Census,271 South Lane chester,Harrisshire,India
578,Galorath Incorporated,5200 Dale haven,Volkmanfurt,Greenland
579,PeerJ,533 Route side,South Herman,Saint Helena
580,NerdWallet,77515 Circles fort,Port Lang,Anguilla
581,Canon,15644 Valleys mouth,Vivianton,South Africa
582,Politify,19202 North Cliffs port,Jaronhaven,Ukraine
583,Careset.com,1527 Wall furt,Jacobiville,Samoa
584,Clean Power Finance,34094 Pine borough,Shanebury,Dominican Republic
585,IMS Health,7669 East Mall burgh,New Walsh,Comoros
586,Alarm.com,5188 East Stravenue berg,Port Runolfsson,French Polynesia
587,Center for Responsive Politics,7315 Port Isle borough,Ferrybury,Gibraltar
588,Outline,6495 Port Extensions ton,Muellerview,Turkey
589,WeMakeItSafer,499 Road furt,Kihnchester,Dominica
590,Biovia,928 Summit side,Haileytown,Antigua and Barbuda
591,ProgrammableWeb,415 South Brook mouth,Boehmport,Paraguay
592,SlashDB,82748 Extensions land,Marvinhaven,Spain
593,Embark,61345 North Meadow burgh,Ceciletown,Turkmenistan
594,Headlight,354 Fall bury,West Gutkowski,Romania
595,xDayta,9909 Shore shire,Altenwerthburgh,Christmas Island
596,Oversight Systems,7262 Ford borough,Jarrellview,Maldives
597,TrustedID,66662 Stream borough,Harveyton,Tokelau
598,Xcential,2444 North Isle chester,North Gutkowski,Denmark
599,Jurispect,398 New Forges land,Medhurstburgh,Martinique
600,Equilar,7111 Village land,Reagantown,South Georgia and the South Sandwich Islands
601,"Qado Energy, Inc.",551 Bridge mouth,North Predovic,Cameroon
602,Zonability,147 New Islands town,Kihnbury,Myanmar
603,Cambridge Information Group,41947 North Loop view,Carachester,Antigua and Barbuda
604,Zurich Insurance (Risk Room),10542 Streets side,Magdalenaton,Cyprus
605,Rivet Software,9807 South Place chester,Lake Legros,Somalia
606,Locavore,125 Forges fort,Port Witting,Iraq
607,PlotWatt,535 Hollow view,Jerdemouth,Heard Island and McDonald Islands
608,Geolytics,724 North Lodge bury,Norbertobury,Dominican Republic
609,Social Health Insights,57152 East Courts side,East Mosciski,French Guiana
610,iMedicare,969 Spring shire,Lednerland,Sao Tome and Principe
611,Code-N,98170 Junctions haven,Thompsonhaven,Mozambique
612,ideas42,7571 Squares berg,New Jast,Oman
613,S&P Capital IQ,780 East Forest fort,Joshburgh,Montenegro
614,JJ Keller,16301 Stravenue port,East Kling,Barbados
615,Amazon Web Services,4606 Valleys haven,Dickiborough,Aruba
616,Altova,159 East Street berg,Mariahmouth,Micronesia
617,FutureAdvisor,2706 Port Summit furt,Adrianachester,Guinea-Bissau
618,Impaq International,82602 West Rue shire,North Schroeder,Colombia
619,S&P Capital IQ,6729 West Fall shire,Clementinaton,French Polynesia
620,USAA Group,4952 Falls mouth,North Brekke,Kazakhstan
621,PatientsLikeMe,4331 North Ports mouth,Schaeferview,Puerto Rico
622,"Calcbench, Inc.",405 Prairie haven,Bartellchester,Spain
623,Exversion,9998 Well port,Kutchmouth,Chile
624,Boundless,3051 Port Station stad,North Brown,Eritrea
625,Factset,628 Oval town,Hammeschester,Estonia
626,The Bridgespan Group,29255 Street mouth,Montyborough,El Salvador
627,TrialTrove,26329 North Crossroad furt,Magalimouth,French Southern Territories
628,Construction Monitor LLC,340 New Green fort,Corteztown,Moldova
629,Earthquake Alert!,92814 Ports mouth,Olsonhaven,Qatar
630,Trintech,946 New Square view,East Barrows,Slovenia
631,Vizzuality,284 East Station chester,New Koch,Malta
632,"LOGIXDATA, LLC",6447 East Ports side,Ratkehaven,San Marino
633,AutoGrid Systems,467 East Gardens berg,Hicklemouth,Egypt
634,Sophic Systems Alliance,6188 Squares haven,Terranceside,Heard Island and McDonald Islands
635,Verdafero,19157 East Summit ville,South Ryan,Holy See (Vatican City State)
636,PolicyMap,678 South Rapids chester,East Little,India
637,Enigma.io,4220 New Greens mouth,Myrtleview,Latvia
638,Farmers,7769 West Dam bury,Lake Jenkins,Oman
639,"FirstPoint, Inc.",9515 Land land,South Kessler,Tunisia
640,Personalis,2136 Glens port,Rodview,Bulgaria
641,GreatSchools,43707 New Stravenue berg,New Paucek,Central African Republic
642,xDayta,6153 Run mouth,Fritschtown,Moldova
643,Accenture,3431 Islands berg,East Altenwerth,Indonesia
644,ClearHealthCosts,9948 Highway shire,Rennerstad,United Arab Emirates
645,Government Transaction Services,673 West Mill town,Hammesstad,Botswana
646,Compendia Bioscience Life Technologies,86548 Burg furt,Wisozkborough,Belgium
647,PolicyMap,772 Stream mouth,Langtown,Russian Federation
648,CitySourced,24585 Pine mouth,New Moore,Turkmenistan
649,Rapid Cycle Solutions,4035 North Run bury,Pollyport,Cambodia
650,Plus-U,3491 Port Mills mouth,West Reichel,Saudi Arabia
651,Housefax,6743 Port Hill town,North Ledner,Niger
652,ProgrammableWeb,1646 North Brook borough,North Konopelski,Mexico
653,Lilly Open Innovation Drug Discovery,897 New Motorway mouth,Gerardofurt,Uganda
654,Government Transaction Services,8184 Rest furt,Goldastad,South Africa
655,Bekins,231 Prairie berg,Corineton,Iceland
656,Google Public Data Explorer,363 Club haven,Daughertymouth,Turkey
657,College Board,427 Lake River shire,North Labadie,Tajikistan
658,Castle Biosciences,5660 Dam ton,Darrenmouth,Bermuda
659,LoopNet,3999 West Union bury,Savionton,Kazakhstan
660,Headlight,226 East Knolls view,North Thompson,Marshall Islands
661,Civic Insight,6644 Alley stad,Jamalton,Saint Helena
662,"Fuzion Apps, Inc.",22703 Cape burgh,South Casper,Burundi
663,VitalChek,8658 Ford berg,Rhodachester,Macedonia
664,Booz Allen Hamilton,516 Park borough,Schinnerland,Congo
665,Civic Impulse LLC,6286 North Land mouth,Port Thompson,Paraguay
666,Munetrix,246 Port Row port,McCluretown,Jordan
667,Xcential,41203 South Junction ville,Corwinstad,Bahamas
668,Consumer Reports,18298 Garden stad,North Kiehn,Sweden
669,Open Data Nation,5902 Key town,Morissetteport,Wallis and Futuna
670,Progressive Insurance Group,511 South Drive stad,Pouroston,Nauru
671,First Fuel Software,906 Village view,Ferneburgh,Korea
672,Golden Helix,2641 West Camp furt,Howehaven,India
673,IW Financial,64622 New Landing borough,Delphashire,Trinidad and Tobago
674,TuvaLabs,6251 New Gardens chester,Irwinfort,Botswana
675,"Docket Alarm, Inc.",52879 Road side,North Pfannerstill,Andorra
676,InCadence,9572 Parkway shire,Asaton,Chad
677,Nautilytics,646 Orchard ville,Ankundingchester,Mali
678,SmartAsset,5966 North Trace ton,Sengerland,French Guiana
679,TransparaGov,6062 Ways ville,Hansenmouth,Ukraine
680,Mercaris,261 South Canyon berg,Boganchester,Costa Rica
681,"KidAdmit, Inc.",4158 Port Island fort,Schulistborough,Guatemala
682,Standard and Poor's,7386 Club bury,Cormierburgh,Slovakia (Slovak Republic)
683,Teradata,3198 Streets shire,Pattieland,Saint Helena
684,Equal Pay for Women,8603 Turnpike view,North Lockman,Australia
685,Cambridge Information Group,4019 Flat haven,Rennertown,Heard Island and McDonald Islands
686,People Power,7977 Way furt,Willardhaven,Uzbekistan
687,Xignite,937 Summit shire,Mayerberg,Anguilla
688,Robinson + Yu,872 Common shire,South Rice,Germany
689,BillGuard,92999 Ranch berg,West Thompson,Azerbaijan
690,Impact Forecasting (Aon),910 West Squares shire,Rashawnberg,Benin
691,Standard and Poor's,39618 North Fall view,Huelfurt,Falkland Islands
692,Construction Monitor LLC,70530 Knoll chester,New Zulauf,France
693,CB Insights,386 Lake Plain bury,Port Price,Malta
694,Liquid Robotics,90605 Port Plain shire,New Schamberger,Norway
695,Department of Better Technology,1686 Garden fort,Cristalmouth,Benin
696,Spokeo,1544 South Curve shire,Shieldsberg,British Virgin Islands
697,Sophic Systems Alliance,57939 Port Extension fort,Carmelaville,Sweden
698,Workhands,22424 Ramp shire,East Ebert,Georgia
699,Galorath Incorporated,1810 Branch shire,East Hauck,Iceland
700,FutureAdvisor,809 Port Spur burgh,Arnulfoside,Marshall Islands
701,Nautilytics,53919 Lake Ferry bury,Port Mills,Malta
702,48 Factoring Inc.,89762 Rue furt,Kulasport,Mozambique
703,Lawdragon,10369 River mouth,West Deckow,Cape Verde
704,Noveda Technologies,9375 East Courts ville,New Kihn,Macao
705,Jurispect,6474 Lake Ranch burgh,East Pouros,Cyprus
706,StreamLink Software,5304 New Ridges furt,Erdmantown,Northern Mariana Islands
707,Workhands,381 Port Center borough,Jarvisville,Germany
708,Arpin Van Lines,531 East Ford view,North Langworth,Timor-Leste
709,North American Van Lines,846 Squares haven,Dianaside,Bahrain
710,Archimedes Inc.,7865 North Burg burgh,Bernardoborough,Tunisia
711,BetterLesson,34589 Port Stream mouth,Penelopestad,Sao Tome and Principe
712,Alarm.com,3151 Port Motorway stad,Lake Klein,British Indian Ocean Territory
713,Estately,57363 South Burg bury,Alexamouth,Saint Barthelemy
714,Spokeo,7853 Shores bury,Mohammadborough,Iran
715,Kimono Labs,931 East Crossing side,Betteburgh,Ireland
716,Amida Technology Solutions,737 Groves view,North Boyer,Isle of Man
717,Aidin,8470 West Via ton,Koeppbury,Belize
718,Government Transaction Services,26853 East Coves view,Port Hahn,Indonesia
719,PlotWatt,9531 Drives ville,South Fisher,Ukraine
720,TrueCar,345 Crest stad,Zemlakhaven,Vanuatu
721,Development Seed,4488 Club berg,Smithamberg,Bosnia and Herzegovina
722,WeMakeItSafer,663 Stream ville,Reynoldmouth,Guernsey
723,"Energy Points, Inc.",9457 Expressway mouth,New Dooley,Qatar
724,Revaluate,5747 New Stream bury,Connmouth,Guinea
725,indoo.rs,38232 Hill borough,Sidville,Andorra
726,Civic Impulse LLC,324 Inlet land,East Hammes,Iceland
727,WattzOn,968 Port Springs ton,Evafort,Serbia
728,"Docket Alarm, Inc.",8020 Port Green land,Letitiafort,Costa Rica
729,Capital Cube,167 Mews stad,Leopoldoburgh,Barbados
730,J.P. Morgan Chase,7923 New Drives borough,Lakinborough,Eritrea
731,Lenddo,5051 Rue shire,North Hessel,Norfolk Island
732,Nautilytics,6291 Well fort,East Renner,Samoa
733,indoo.rs,46689 Lake Views shire,Lake Ullrich,Egypt
734,Datamyne,662 Dam furt,Paxtonside,Benin
735,BillGuard,61865 East Tunnel land,Johnsonport,United Kingdom
736,Allied Van Lines,4978 New Stream mouth,Lake Wolf,Bouvet Island
737,Social Explorer,441 Lake Common furt,South Jacobs,Pitcairn Islands
738,Practice Fusion,208 Grove ville,Isabellbury,Northern Mariana Islands
739,Factset,201 Track borough,South Langosh,Canada
740,Citigroup,99568 Extensions ton,Marjoryberg,Malaysia
741,Liquid Robotics,96181 New Valleys ton,New Ernser,Colombia
742,Civic Impulse LLC,9372 Forges haven,Port Wiegand,Philippines
743,Cerner,767 East Union berg,Jacobsonberg,Ukraine
744,OpenPlans,13415 Glen bury,New Swaniawski,United States Minor Outlying Islands
745,MarketSense,501 East Station mouth,Angelshire,Honduras
746,Symcat,199 East Knolls burgh,New Johns,Venezuela
747,(Leg)Cyte,335 Hills shire,Darbyland,Korea
748,PossibilityU,153 South Rapids haven,Erynbury,Saint Pierre and Miquelon
749,PYA Analytics,409 North Parks ton,Willmshaven,Chad
750,Computer Packages Inc,71050 Trafficway shire,Bergnaummouth,New Zealand
751,FutureAdvisor,7213 New Ways borough,South Bartell,Swaziland
752,Harris Corporation,2581 Inlet bury,Lake Pollich,Zimbabwe
753,OpenGov,21752 Expressway mouth,New Lind,Solomon Islands
754,Smartronix,276 New Tunnel berg,Binsside,Iceland
755,Rivet Software,3129 Run view,West Wilkinson,Equatorial Guinea
756,Weather Channel,63830 Inlet borough,West Hyatt,Latvia
757,Remi,34359 Corners mouth,Electafort,Luxembourg
758,T. Rowe Price,881 West Hollow borough,Darrenhaven,Falkland Islands
759,Social Explorer,25884 Glens stad,Quitzonchester,Greece
760,Ernst & Young LLP,2119 Port Court bury,Dickensmouth,San Marino
761,Orlin Research,46244 Mountain chester,Tomton,Moldova
762,Collective IP,75848 River town,Hauckside,Burkina Faso
763,Noesis,611 Curve view,Feestville,Congo
764,Junyo,89362 Drive ville,Taureanmouth,Faroe Islands
765,WebMD,18742 Pines chester,Croninfort,Turks and Caicos Islands
766,Votizen,2478 Extension ton,South Zemlak,Tokelau
767,ClearStory Data,2879 New Crescent ville,South Kris,Tanzania
768,Zebu Compliance Solutions,60119 Shoals fort,Stantonmouth,Kyrgyz Republic
769,RAND Corporation,190 Points fort,Lonville,Venezuela
770,Barchart,15261 Lake Forks chester,Bergnaumside,Montenegro
771,YourMapper,79568 Lake Squares borough,North Dietrich,Namibia
772,Mozio,85459 South Brooks ville,Fredrickhaven,Brunei Darussalam
773,Accenture,781 Square mouth,Floridabury,Tonga
774,Climate Corporation,367 West Mountain bury,Beatriceborough,Eritrea
775,Captricity,68593 Port Lock view,Quinnmouth,Mauritius
776,TrueCar,106 North Harbor berg,Fishermouth,Belgium
777,Boundless,1955 East Cliffs land,Port Stokes,Afghanistan
778,Weather Channel,3799 Lake Crossroad land,New Fahey,Ireland
779,Innovest Systems,656 Lake Drive fort,North Ryan,Qatar
780,Simple Energy,70439 Locks berg,Franciscochester,Reunion
781,Healthgrades,697 Circle view,Pagacmouth,Lebanon
782,LegiStorm,4427 North Junction furt,Monahanfort,Germany
783,Google Maps,9148 Square mouth,North Lang,Uruguay
784,Walk Score,20460 Manor bury,South Haley,Falkland Islands
785,"HDScores, Inc",554 East Lane ton,Wandaside,Turkmenistan
786,First Fuel Software,41004 Spur port,North Vandervort,Kuwait
787,"Urban Mapping, Inc",3817 Run borough,Rolfsonhaven,Afghanistan
788,Mozio,166 North Union furt,South Douglas,Armenia
789,Zonability,7915 Mews stad,Buckridgeside,Antarctica
790,National Van Lines,85674 South Plain burgh,Hipolitoport,Saint Vincent and the Grenadines
791,ClearStory Data,6382 Lake Islands view,Chrisfurt,Japan
792,optiGov,481 Mills bury,Port Prohaska,Sao Tome and Principe
793,Inovalon,59694 Turnpike haven,Marvinstad,Luxembourg
794,Dow Jones & Co.,460 West Creek bury,Williamsonland,Martinique
795,Outline,4781 Rue borough,West Kuvalis,Christmas Island
796,Factual,931 Inlet stad,Weberstad,Palau
797,Overture Technologies,75110 North Common port,South Toy,Cayman Islands
798,Predilytics,8131 East Throughway mouth,McKenziebury,Cook Islands
799,Kimono Labs,6419 Ville view,Nannieburgh,Tunisia
800,ProPublica,953 Crossing furt,Lake Stracke,Malawi
801,Predilytics,74760 Lake Lodge town,Stantonview,Sao Tome and Principe
802,Google Maps,3460 Port Orchard mouth,Gerryton,Colombia
803,"Loqate, Inc.",159 Meadows town,Jamesonside,Armenia
804,Energy Solutions Forum,90782 Port Trafficway ville,Lake Mayer,Tunisia
805,FarmLogs,999 Forest mouth,Toymouth,Botswana
806,Reed Elsevier,9452 Inlet borough,Bodefurt,Gibraltar
807,Exversion,61026 Views berg,Bayerton,Kenya
808,Google Maps,69284 Extension borough,Ewelltown,Namibia
809,Compliance and Risks,963 Valleys stad,Thielchester,Paraguay
810,Graebel Van Lines,53272 Drive side,Eulaliaville,El Salvador
811,MetLife,4301 New Garden furt,New Kris,Philippines
812,Munetrix,336 Shoals view,Leannonchester,Bangladesh
813,Healthline,6364 Lake Ways berg,Colemanchester,Tokelau
814,Alltuition,178 Lake Underpass ton,Lebsackbury,Antarctica
815,MarketSense,24827 New Prairie ville,New Treutel,Haiti
816,McKinsey,215 Forges furt,Oberbrunnermouth,Macao
817,Tendril,6449 Oval haven,Doviefurt,Suriname
818,Intermap Technologies,263 South Junction ville,East Rutherford,British Indian Ocean Territory
819,Biovia,48073 Creek furt,Hodkiewiczville,Svalbard & Jan Mayen Islands
820,Gallup,7959 North Ranch haven,Padberghaven,Saint Lucia
821,Cappex,26771 New Shore ville,South Walter,Russian Federation
822,Peterson's,498 Place fort,New Kessler,Grenada
823,Adaptive,7774 Plaza town,Goldnerland,Lebanon
824,ASC Partners,31978 Grove mouth,Keeblerville,Saint Kitts and Nevis
825,Politify,8526 New Port haven,Reillyland,Vanuatu
826,OpenPlans,31663 Parkways stad,New Gleason,Kuwait
827,ZocDoc,6259 Cliff ville,Lake Lesch,Iceland
828,Palantir Technologies,3494 Roads mouth,Mitchelfurt,Lithuania
829,OptumInsight,817 Prairie burgh,Sierrashire,Sudan
830,Fidelity Investments,12901 Trace chester,Lake Kuhlman,Italy
831,Impact Forecasting (Aon),54465 Forge burgh,Dangeloville,Cameroon
832,ProgrammableWeb,6992 South Groves shire,Cletaburgh,Macedonia
833,Avalara,68243 Walks bury,Orlochester,Wallis and Futuna
834,"Loqate, Inc.",23845 Flat mouth,North Wehner,South Georgia and the South Sandwich Islands
835,Owler,92663 Bridge fort,Ortizville,Congo
836,SpotHero.com,269 South Shores berg,Ullrichmouth,Israel
837,"KidAdmit, Inc.",39308 Cliffs stad,Skilesview,Sri Lanka
838,Food+Tech Connect,795 Wall haven,Batzport,Botswana
839,VitalChek,528 Lakes furt,Treutelhaven,Ukraine
840,Golden Helix,5867 Inlet fort,Marianmouth,Albania
841,Inrix Traffic,7944 East Alley mouth,Cronaborough,Anguilla
842,Innovest Systems,138 Point ton,East Casper,Serbia
843,Morgan Stanley,222 Lake Stravenue view,New Murray,Western Sahara
844,CliniCast,95781 North Expressway town,West Ruecker,Liberia
845,Sterling Infosystems,58610 Rue furt,Boganfurt,Saudi Arabia
846,Geolytics,77206 North Parks port,New Schmeler,Cuba
847,Aidin,8448 Parkways port,Kemmerborough,French Guiana
848,SpotCrime,9642 South Forge furt,South Gorczany,Qatar
849,"Govzilla, Inc.",605 Port side,Maggioside,Chad
850,Galorath Incorporated,534 Cape chester,North Parker,Marshall Islands
851,NERA Economic Consulting,383 Lodge bury,Littelbury,Costa Rica
852,YourMapper,1507 Port Pines bury,Lefflerfurt,Peru
853,Simple Energy,8250 East Mills furt,South Ryan,France
854,PlanetEcosystems,90934 Lake Haven shire,Port Windler,French Guiana
855,Dow Jones & Co.,889 North Ways side,Kunzeport,Barbados
856,Vimo,24652 Groves stad,Lewmouth,Zimbabwe
857,48 Factoring Inc.,1327 Falls shire,Medhurstfort,Jordan
858,CrowdANALYTIX,2222 Island burgh,Quitzonhaven,Costa Rica
859,Reed Elsevier,404 Circle haven,Schneiderburgh,France
860,Science Exchange,1130 Rue view,Walshstad,Somalia
861,HERE,4431 New Summit side,Lake Haag,Cote Divoire
862,U.S. News Schools,342 Lake Mountain town,Crookschester,Niue
863,Connotate,63849 Street berg,Dariustown,Sri Lanka
864,DataMade,6526 Point side,Kleinview,Finland
865,Avvo,3149 Way berg,Mosesbury,Andorra
866,WattzOn,96436 South Isle furt,North Nader,Russian Federation
867,iTriage,2279 Canyon haven,New Mohr,Suriname
868,"Calcbench, Inc.",30678 South Prairie furt,East Dare,Belize
869,Owler,89595 East Cliff town,Elsebury,Guinea-Bissau
870,PublicEngines,2110 Loop fort,Rosenbaumhaven,Isle of Man
871,Adaptive,21469 East Well shire,Larkinmouth,British Virgin Islands
872,Symcat,895 Junction haven,Pfefferland,Montenegro
873,"3 Round Stones, Inc.",32234 Cliffs town,South Schaden,Mexico
874,WeMakeItSafer,96485 Port Estates view,Torpburgh,Gambia
875,Next Step Living,88883 Station ton,Muhammadchester,Bangladesh
876,Civinomics,73890 Lake Common bury,Buckridgestad,Bouvet Island
877,PlotWatt,102 East Field stad,Lake Torphy,Senegal
878,"StreetCred Software, Inc",68200 Cape view,Port Macejkovic,Pakistan
879,Lenddo,471 North Park bury,West Bednar,Saint Vincent and the Grenadines
880,Appallicious,440 New Spring furt,Shieldsbury,Aruba
881,Impaq International,35432 Plaza ton,Camrynborough,Gabon
882,Civis Analytics,2884 Port Knoll town,New Flatley,Dominica
883,"Urban Mapping, Inc",627 East Stream burgh,Estefaniamouth,Papua New Guinea
884,Mozio,93412 Causeway borough,Marcosburgh,Malaysia
885,Nationwide Mutual Insurance Company,6417 West Squares furt,New Walker,United Kingdom
886,EarthObserver App,47427 Extension ton,Melvinachester,Thailand
887,Dun & Bradstreet,8313 Path stad,Lonnietown,Bahamas
888,Vitals,377 New Turnpike land,Hansenborough,Latvia
889,Zurich Insurance (Risk Room),558 West Squares stad,Rhiannachester,Zambia
890,Code for America,9907 Village berg,Grahamchester,Turks and Caicos Islands
891,PowerAdvocate,834 South Spurs land,Jeanneview,United States Virgin Islands
892,Allianz,2711 Drives shire,Jessieburgh,Suriname
893,Keychain Logistics Corp.,93949 West Extensions land,New Bernhard,Liechtenstein
894,Child Care Desk,353 Cliffs side,Streichfurt,Holy See (Vatican City State)
895,Fidelity Investments,168 Burgs ton,Oberbrunnerview,Uzbekistan
896,Xcential,141 South Square shire,West Okuneva,France
897,Climate Corporation,39062 Spurs furt,Todmouth,Pitcairn Islands
898,Noesis,6316 Path chester,Ludwigport,Solomon Islands
899,EMC,560 Meadow town,Greenholtfort,Netherlands
900,Keychain Logistics Corp.,5067 East Union chester,Altenwerthside,Yemen
901,Kyruus,18806 Falls port,New Douglas,Cayman Islands
902,TrustedID,9663 East Pines mouth,Hegmannfurt,Thailand
903,Foursquare,327 River port,Millieville,Costa Rica
904,US Green Data,357 North Street berg,East Mraz,Israel
905,Maponics,8626 Union burgh,Alexandrofort,Montserrat
906,Intermap Technologies,53830 North Fords shire,West Auer,Bangladesh
907,Oliver Wyman,93054 Center chester,West Hermiston,Guatemala
908,Alltuition,476 Station chester,Mortonshire,Hong Kong
909,SimpleTuition,48001 New Square mouth,Kerlukeshire,Rwanda
910,Child Care Desk,8513 Lake Station furt,Legrosshire,Nicaragua
911,TrialX,275 Fall view,South Little,Bahrain
912,TrustedID,29348 Union side,Lake Strosin,Liberia
913,Spokeo,787 Prairie chester,Wilsonborough,United Kingdom
914,Mango Transit,2337 Lake Manors haven,Lockmantown,French Guiana
915,College Board,96299 South Mission land,Margotville,Ghana
916,Boundless,6244 Tunnel mouth,Herminiochester,British Virgin Islands
917,PowerAdvocate,5430 West Flats borough,Emeraldfort,Albania
918,Berkshire Hathaway,9465 New Expressway bury,Tomasmouth,Sao Tome and Principe
919,Rand McNally,5102 North Spur shire,Kaliborough,Finland
920,TrialTrove,907 Port Mills land,North Dietrich,Estonia
921,Boston Consulting Group,9691 West Place port,Bartelltown,Palau
922,ReciPal,595 Loop berg,Hicklechester,Guernsey
923,Enervee Corporation,30386 West Manor bury,Conradburgh,Tanzania
924,Computer Packages Inc,3488 Wells stad,Port Kuhic,Lao Peoples Democratic Republic
925,Workhands,895 Fords stad,East Muller,Suriname
926,Weather Decision Technologies,87643 West Junction mouth,Lourdesside,Uganda
927,Xignite,771 Tunnel berg,West Olson,Armenia
928,MicroBilt Corporation,635 Cliffs ville,West McLaughlin,Guinea
929,"FirstPoint, Inc.",3137 North Keys bury,Dachland,Christmas Island
930,T. Rowe Price,54977 Courts berg,North Kassulke,Iran
931,WaterSmart Software,585 Port Stream ton,Kieraport,United Arab Emirates
932,IVES Group Inc,506 Lake Isle mouth,New Nitzsche,Northern Mariana Islands
933,PowerAdvocate,797 Springs borough,Strosinton,Peru
934,DataMarket,315 Lake Key burgh,Ziemannberg,Antigua and Barbuda
935,Embark,256 East Trail land,Gabrielleport,Bulgaria
936,MarketSense,5186 Underpass side,Reaganview,San Marino
937,"Aunt Bertha, Inc.",30027 North Inlet mouth,Joannyside,Armenia
938,Evidera,8838 South Tunnel mouth,Enricofort,Poland
939,Innography,3414 Lakes land,Bettyeview,Pitcairn Islands
940,TrueCar,1546 Port Course borough,Carrollmouth,Ireland
941,Avalara,43024 Lights port,Abernathymouth,Holy See (Vatican City State)
942,BuildFax,474 New Parkway ton,Lake Hoeger,Sao Tome and Principe
943,Plus-U,83216 East Manor shire,Ashleighland,South Georgia and the South Sandwich Islands
944,Graebel Van Lines,840 South Loaf land,West Kub,Netherlands
945,DataMade,7785 Green burgh,Urielside,Afghanistan
946,Embark,539 Port Keys haven,Earlineside,Belize
947,Rand McNally,979 North Tunnel furt,Floridaville,Morocco
948,"Aunt Bertha, Inc.",15573 Plaza fort,Lake Lockman,Panama
949,"Personal, Inc.",8923 Way mouth,North Dibbert,Norway
950,"Marinexplore, Inc.",6774 Estates port,West Boyle,Fiji
951,Standard and Poor's,46587 Flat chester,North Morissette,Eritrea
952,InfoCommerce Group,7235 Points land,Lake Rutherford,Chile
953,T. Rowe Price,763 North Summit bury,Savannachester,United States Minor Outlying Islands
954,LegiStorm,631 Wall borough,Shaniyafort,Saint Helena
955,FindTheBest.com,99220 Freeway burgh,Ziemannborough,Tuvalu
956,CitySourced,623 Turnpike borough,Wuckertfurt,Canada
957,Weather Channel,2059 South Hollow mouth,Toreyport,Eritrea
958,LegiStorm,98696 Springs shire,South Collier,Faroe Islands
959,Google Public Data Explorer,88197 North Lakes stad,Uptontown,Guadeloupe
960,Boston Consulting Group,6987 Gardens view,East Hansen,Israel
961,Science Exchange,456 New Squares mouth,New Heaney,Australia
962,College Board,50113 New Summit ville,McLaughlinfort,Uruguay
963,Golden Helix,3740 Port Mall ville,Mannfurt,China
964,karmadata,41535 New Ferry chester,Shanonbury,Estonia
965,GenoSpace,2976 Springs side,South Franecki,Turkey
966,SeeClickFix,8858 Stravenue furt,Port Douglas,Faroe Islands
967,CGI,9987 North Rue fort,West Stiedemann,Macedonia
968,TransparaGov,6445 Square port,North Labadie,Gambia
969,"Personal, Inc.",834 North Junction bury,McLaughlinberg,New Caledonia
970,FlightAware,16532 Route furt,Pollichborough,Marshall Islands
971,Zoner,307 Lake Village mouth,New Langosh,British Virgin Islands
972,TuvaLabs,18907 Station stad,Lake Schoen,Vanuatu
973,Legal Science Partners,3325 East Pike chester,Robelmouth,Burkina Faso
974,Biovia,5069 South Tunnel port,Port Trantow,Niger
975,Kimono Labs,9933 Isle ville,Samantaborough,Guadeloupe
976,ClearStory Data,71714 West Rest burgh,Pfeffershire,Suriname
977,Weather Decision Technologies,8287 North Throughway bury,Toneybury,Guatemala
978,Berkshire Hathaway,91925 New Lodge ton,Port Frami,Sweden
979,Oliver Wyman,412 North Causeway mouth,Ariannaview,Belize
980,"Loqate, Inc.",15238 New Prairie borough,Treutelfurt,Myanmar
981,"Junar, Inc.",353 Port Mews borough,Hudsonview,French Southern Territories
982,Legal Science Partners,2823 Lake Brook town,Lednerfurt,Netherlands
983,Funding Circle,92321 Place land,Camdenview,Equatorial Guinea
984,Think Computer Corporation,8797 South Ferry view,South Leffler,Jersey
985,Spikes Cavell Analytic Inc,1396 Viaduct port,East Shields,Kyrgyz Republic
986,Civis Analytics,350 Streets ton,Zboncakfort,Namibia
987,SlashDB,519 East Light fort,Marcborough,Spain
988,GetRaised,13483 Garden stad,Lake Lang,Portugal
989,Buildingeye,165 Bridge borough,Oceanemouth,Bosnia and Herzegovina
990,State Farm Insurance,735 Lake Land land,Torpton,Mali
991,InnoCentive,47200 West Rapids mouth,Delberthaven,Portugal
992,Computer Packages Inc,209 Island berg,Harberport,Ghana
993,Personal Democracy Media,49503 Station land,Port Kunze,Lebanon
994,AreaVibes Inc.,957 Trail stad,New Walter,China
995,WattzOn,11740 North Stream borough,Lake Fisher,Monaco
996,Relationship Science,107 Common view,Gerlachmouth,Benin
997,TagniFi,71928 Falls borough,Feestfort,Kuwait
998,FlightStats,294 Lake Ranch chester,Casperberg,Guam
999,Municode,86207 Trafficway chester,Lake Jones,Honduras
